Gren;Program;TV ;Bildesøk;
Aking;http://pub.tv2.no/nettavisen/sport/torino2006/article532945.ece;http://www.nrk.no/programoversikt/avansert/?p_artikkel_id=&p_forhandsvis_flg=0&p_format=HTML&p_type=prog&p_fom_dag=10&p_fom_mnd=2&p_fom_ar=2006&p_periode=neste7dager&p_nrk1=NRK1&p_nrk2=NRK2&p_soketekst=AKING&p_knapp=Vis+nedenfor;rodel;
Alpint;http://pub.tv2.no/nettavisen/sport/torino2006/article532680.ece;http://www.nrk.no/programoversikt/avansert/?p_artikkel_id=&p_forhandsvis_flg=0&p_format=HTML&p_type=prog&p_fom_dag=12&p_fom_mnd=2&p_fom_ar=2006&p_periode=neste7dager&p_nrk1=NRK1&p_nrk2=NRK2&p_soketekst=utfor&p_knapp=Vis+nedenfor;storslalom;
Bob;http://pub.tv2.no/nettavisen/sport/torino2006/article532684.ece;http://www.nrk.no/programoversikt/avansert/?p_artikkel_id=&p_forhandsvis_flg=0&p_format=HTML&p_type=prog&p_fom_dag=18&p_fom_mnd=2&p_fom_ar=2006&p_periode=neste7dager&p_nrk1=NRK1&p_nrk2=NRK2&p_soketekst=bob&p_knapp=Vis+nedenfor;bobsleigh;
Curling;http://pub.tv2.no/nettavisen/sport/torino2006/article532690.ece;http://www.nrk.no/programoversikt/avansert/?p_artikkel_id=&p_forhandsvis_flg=0&p_format=HTML&p_type=prog&p_fom_dag=13&p_fom_mnd=2&p_fom_ar=2006&p_periode=neste7dager&p_nrk1=NRK1&p_nrk2=NRK2&p_soketekst=curling&p_knapp=Vis+nedenfor;curling;
Freestyle;http://pub.tv2.no/nettavisen/sport/torino2006/article532693.ece;http://www.nrk.no/programoversikt/avansert/?p_artikkel_id=&p_forhandsvis_flg=0&p_format=HTML&p_type=prog&p_fom_dag=11&p_fom_mnd=2&p_fom_ar=2006&p_periode=neste7dager&p_nrk1=NRK1&p_nrk2=NRK2&p_soketekst=kulekj%F8ring&p_knapp=Vis+nedenfor;kulekjøring;
Hopp;http://pub.tv2.no/nettavisen/sport/torino2006/article532704.ece;http://www.nrk.no/programoversikt/avansert/?p_artikkel_id=&p_forhandsvis_flg=0&p_format=HTML&p_type=prog&p_fom_dag=11&p_fom_mnd=2&p_fom_ar=2006&p_periode=neste7dager&p_nrk1=NRK1&p_nrk2=NRK2&p_soketekst=hopp&p_knapp=Vis+nedenfor;skiflyging;
Ishockey ;http://pub.tv2.no/nettavisen/sport/torino2006/article532696.ece;http://www.nrk.no/programoversikt/avansert/?p_artikkel_id=&p_forhandsvis_flg=0&p_format=HTML&p_type=prog&p_fom_dag=11&p_fom_mnd=2&p_fom_ar=2006&p_periode=neste7dager&p_nrk1=NRK1&p_nrk2=NRK2&p_soketekst=ishockey&p_knapp=Vis+nedenfor;ishockey;
Kombinert;http://pub.tv2.no/nettavisen/sport/torino2006/article532697.ece;http://www.nrk.no/programoversikt/avansert/?p_artikkel_id=&p_forhandsvis_flg=0&p_format=HTML&p_type=prog&p_fom_dag=11&p_fom_mnd=2&p_fom_ar=2006&p_periode=neste7dager&p_nrk1=NRK1&p_nrk2=NRK2&p_soketekst=kombinert&p_knapp=Vis+nedenfor;kombinert;
Kortbaneløp;http://pub.tv2.no/nettavisen/sport/torino2006/article532700.ece;http://www.nrk.no/programoversikt/avansert/?p_artikkel_id=&p_forhandsvis_flg=0&p_format=HTML&p_type=prog&p_fom_dag=12&p_fom_mnd=2&p_fom_ar=2006&p_periode=neste7dager&p_nrk1=NRK1&p_nrk2=NRK2&p_soketekst=kortbane&p_knapp=Vis+nedenfor;Kortbane;
Kunstløp;http://pub.tv2.no/nettavisen/sport/torino2006/article532692.ece;http://www.nrk.no/programmer/programoversikt/avansert_sok/?p_artikkel_id=&p_forhandsvis_flg=0&p_format=HTML&p_type=prog&p_fom_dag=11&p_fom_mnd=2&p_fom_ar=2006&p_periode=neste7dager&p_nrk1=NRK1&p_nrk2=NRK2&p_soketekst=kunstl%F8p&p_knapp=Vis+nedenfor;Kunstløp;
Langrenn;http://pub.tv2.no/nettavisen/sport/torino2006/article532685.ece;http://www.nrk.no/programmer/programoversikt/avansert_sok/?p_artikkel_id=&p_forhandsvis_flg=0&p_format=HTML&p_type=prog&p_fom_dag=12&p_fom_mnd=2&p_fom_ar=2006&p_periode=neste7dager&p_nrk1=NRK1&p_nrk2=NRK2&p_soketekst=langrenn&p_knapp=Vis+nedenfor;langrenn;
Skeleton;http://pub.tv2.no/nettavisen/sport/torino2006/article532702.ece;http://www.nrk.no/programmer/programoversikt/avansert_sok/?p_artikkel_id=&p_forhandsvis_flg=0&p_format=HTML&p_type=prog&p_fom_dag=16&p_fom_mnd=2&p_fom_ar=2006&p_periode=neste7dager&p_nrk1=NRK1&p_nrk2=NRK2&p_soketekst=skeleton&p_knapp=Vis+nedenfor;skeleton ol;
Skiskyting;http://pub.tv2.no/nettavisen/sport/torino2006/article532682.ece;http://www.nrk.no/programmer/programoversikt/avansert_sok/?p_artikkel_id=&p_forhandsvis_flg=0&p_format=HTML&p_type=prog&p_fom_dag=11&p_fom_mnd=2&p_fom_ar=2006&p_periode=neste7dager&p_nrk1=NRK1&p_nrk2=NRK2&p_soketekst=skiskyting&p_knapp=Vis+nedenfor;biathlon;
Skøyter;http://pub.tv2.no/nettavisen/sport/torino2006/article532708.ece;http://www.nrk.no/programmer/programoversikt/avansert_sok/?p_artikkel_id=&p_forhandsvis_flg=0&p_format=HTML&p_type=prog&p_fom_dag=11&p_fom_mnd=2&p_fom_ar=2006&p_periode=neste7dager&p_nrk1=NRK1&p_nrk2=NRK2&p_soketekst=sk%F8yter&p_knapp=Vis+nedenfor;skøyter verdenscupen;
Snowboard;http://pub.tv2.no/nettavisen/sport/torino2006/article532706.ece;http://www.nrk.no/programmer/programoversikt/avansert_sok/?p_artikkel_id=&p_forhandsvis_flg=0&p_format=HTML&p_type=prog&p_fom_dag=12&p_fom_mnd=2&p_fom_ar=2006&p_periode=neste7dager&p_nrk1=NRK1&p_nrk2=NRK2&p_soketekst=sn%F8brett&p_knapp=Vis+nedenfor;snowboard;